global auc,local auc
0.6731498893238507,0.7027205324752517
