global auroc,local auroc
0.7300252119630942,0.7341649299215129
