global auc,local auc
0.6891844807443995,0.6899959777417968
