global auc,local auc
0.7046238550432564,0.708297021523825
