global auc,local auc
0.7325590785048345,0.729069894426368
