global auc,local auc
0.735762717238936,0.7408546699673937
