global auc,local auc
0.7214759543817564,0.7401938787658231
