global auroc,local auroc
0.7195400655428161,0.6990556660039762
