f1 global,f1 local
0.35328555566770975,0.24018558172733762
